model,f1_full,bal_full,precision,recall,mcc,pr_auc,thr,best_params
ridge,0.2924791086350975,0.6625091587825371,0.2305159165751921,0.4,0.25199053744260697,0.19923639635175583,0.5312447745894321,{'alpha': 0.001}
qda,0.2913172026790563,0.6822576999352359,0.21319438311401573,0.45980952380952383,0.2566844089939628,0.19374231099034825,0.3721131511833453,{'reg_param': 0.7}
lda,0.2911553881666869,0.6810910894246082,0.21374420264002855,0.4564761904761905,0.25613819262830173,0.1955649252891078,0.19227368101416725,"{'shrinkage': 0.3, 'solver': 'lsqr'}"
gnb,0.2902383502945903,0.6662181734694423,0.22377658476151147,0.41285714285714287,0.25076784208897257,0.19375427742229046,0.9648908400251879,{'var_smoothing': 1e-11}
svm,0.2899971173248775,0.6722671002778768,0.2184740118720139,0.43114285714285716,0.2522484522596608,0.2004359171495854,0.6120151179281536,"{'C': 0.001, 'dual': False, 'loss': 'squared_hinge'}"
log_reg,0.2883151181412075,0.6909530072004522,0.2044793368668553,0.4886666666666667,0.25728844027574527,0.19838500861597336,0.7141554179326491,"{'C': 0.001, 'penalty': 'l2', 'solver': 'lbfgs'}"
tree,0.2667320280284899,0.6679488007183898,0.191281690723355,0.44047619047619047,0.22992146583645218,0.12077238260824985,0.7723078557108906,"{'criterion': 'gini', 'max_depth': 25, 'min_samples_leaf': 1, 'min_samples_split': 2}"
knn,0.19155196962505933,0.573226359772004,0.19091769157994323,0.1921904761904762,0.14599430197294172,0.07964396448553565,1.0,"{'kneighborsclassifier__leaf_size': 10, 'kneighborsclassifier__n_neighbors': 1, 'kneighborsclassifier__p': 2, 'kneighborsclassifier__weights': 'uniform'}"
